117101001;1;foto_km.png;fpkp_km.pdf;spkp_km.pdf;cv_km.pdf;cl_km.pdf;2018-06-06;ACC;2018-07-07
117101002;2;foto_yk.png;fpkp_yk.pdf;spkp_yk.pdf;cv_yk.pdf;cl_yk.pdf;2015-02-06;ACC;2015-04-24
117101003;3;foto_lu.png;fpkp_lu.pdf;spkp_lu.pdf;cv_lu.pdf;cl_lu.pdf;2021-05-01;ACC;2021-05-03
117101004;4;foto_as.png;fpkp_as.pdf;spkp_as.pdf;cv_as.pdf;cl_as.pdf;2019-05-01;ACC;2019-05-03
117101005;5;foto_eo.png;fpkp_eo.pdf;spkp_eo.pdf;cv_eo.pdf;cl_eo.pdf;2018-08-01;ACC;2018-08-03
117101006;6;foto_ts.png;fpkp_ts.pdf;spkp_ts.pdf;cv_ts.pdf;cl_ts.pdf;2015-01-01;ACC;2015-01-03
117101007;7;foto_aa.png;fpkp_aa.pdf;spkp_aa.pdf;cv_aa.pdf;cl_aa.pdf;2017-05-01;ACC;2017-06-02
117101008;8;foto_ht.png;fpkp_ht.pdf;spkp_ht.pdf;cv_ht.pdf;cl_ht.pdf;2020-12-09;ACC;2020-12-25
117101009;9;foto_kk.png;fpkp_kk.pdf;spkp_kk.pdf;cv_kk.pdf;cl_kk.pdf;2015-08-06;ACC;2015-10-24
117101010;10;foto_ys.png;fpkp_ys.pdf;spkp_ys.pdf;cv_ys.pdf;cl_ys.pdf;2016-08-06;ACC;2016-08-10
