A012019;2019-08-20;95;2019;5;A;laporankaoru.pdf;formkaoru.pdf;kaoru.pdf;suratkaoru.pdf;117101001;1;101022031
A012015;2015-08-21;58;2015;5;D;laporanyui.pdf;formyui.pdf;yui.pdf;suratyui.pdf;117101002;2;101055049
A012021;2021-08-22;78;2021;5;B;laporanlisa.pdf;formlisa.pdf;lisa.pdf;suratlisa.pdf;117101003;3;101066649
A022019;2019-02-23;60;2019;6;C;laporanaoi.pdf;formaoi.pdf;aoi.pdf;surataoi.pdf;117101004;4;111000123
A022018;2018-02-24;72;2018;6;B;laporanemily.pdf;formemily.pdf;emily.pdf;suratemily.pdf;117101005;5;111000143
A022015;2015-02-25;90;2015;6;A;laporantakasugi.pdf;formtakasugi.pdf;takasugi.pdf;surattakasugi.pdf;117101006;6;111000144
A012017;2017-08-26;69;2017;5;C;laporanasano.pdf;formasano.pdf;asano.pdf;suratasano.pdf;117101007;7;123000748
A022021;2021-02-27;87;2021;6;B;laporanhirayama.pdf;formhirayama.pdf;hirayama.pdf;surathirayama.pdf;117101008;8;222000432
A022016;2016-02-28;98;2016;6;A;laporankanno.pdf;formkanno.pdf;kanno.pdf;suratkanno.pdf;117101009;9;231000555
A012016;2016-08-29;40;2016;5;E;laporanyuyuko.pdf;formyuyuko.pdf;yuyuko.pdf;suratyuyuko.pdf;117101010;10;998877665
