1;Alfian Agustian;081474221399;alfianag@gmail.com;9
2;Dadang Sutarman;087654530821;dadang33@gmail.com;6
3;Doni Raharjo;089667449981;donir96@yahoo.com;5
4;Adi Satria;081187342928;adisatria91@gmail.com;1
5;Toni Sudrajat;087809123456;tonis011@yahoo.com;2
6;Neti Rahayu;089965764732;neti_rahayu@gmail.com;10
7;Deni Martin;081589232354;dens73@gmail.com;3
8;Apriyani Aprilia;08167890977;apriapril22@gmail.com;4
9;Roni Wahidin;08770987341;roniwahid76@gmail.com;8
10;Ayu Yanti;081234127743;ayuyanti@gmail.com;7
